{
  "parameters": {
    "t_min": 1.0,
    "t_max": 100000000.0,
    "n_steps": 10000,
    "eps": 0.2,
    "n0": 1.0,
    "sv0": 1.0,
    "P0": 1.0,
    "alpha": 1.0
  },
  "scenarios": {
    "mild_dilution": {
      "gamma_n": 1.0,
      "gamma_P": 1.0,
      "gamma_sv": 0.0,
      "t_max_values": [
        1000.0,
        10000.0,
        100000.0,
        1000000.0,
        10000000.0,
        100000000.0
      ],
      "capacity_values": [
        0.0989261098983203,
        0.09892624134265088,
        0.09892626550804734,
        0.09892629417330327,
        0.09892632804511815,
        0.09892636712795373
      ],
      "final_capacity": 0.09892636712795373,
      "converged": true
    },
    "strong_dilution": {
      "gamma_n": 2.0,
      "gamma_P": 2.0,
      "gamma_sv": 0.0,
      "t_max_values": [
        1000.0,
        10000.0,
        100000.0,
        1000000.0,
        10000000.0,
        100000000.0
      ],
      "capacity_values": [
        0.012954627485186181,
        0.012954632157843265,
        0.012954638165469216,
        0.012954645508123995,
        0.012954654185808103,
        0.012954664198522146
      ],
      "final_capacity": 0.012954664198522146,
      "converged": true
    },
    "desitter_like_no_free_power": {
      "gamma_n": 0.0,
      "gamma_P": 5.0,
      "gamma_sv": 0.0,
      "t_max_values": [
        1000.0,
        10000.0,
        100000.0,
        1000000.0,
        10000000.0,
        100000000.0
      ],
      "capacity_values": [
        0.005231677233496641,
        0.005231679703117696,
        0.0052316828783450006,
        0.005231686759178827,
        0.005231691345619447,
        0.005231696637667184
      ],
      "final_capacity": 0.005231696637667184,
      "converged": true
    },
    "persistent_power_nonterminal": {
      "gamma_n": 1.0,
      "gamma_P": 0.0,
      "gamma_sv": 0.0,
      "t_max_values": [
        1000.0,
        10000.0,
        100000.0,
        1000000.0,
        10000000.0,
        100000000.0
      ],
      "capacity_values": [
        0.3625203840447031,
        0.36271629450640774,
        0.3627287227340133,
        0.3627295715394575,
        0.362729701237682,
        0.3627297971567173
      ],
      "final_capacity": 0.3627297971567173,
      "converged": true
    }
  },
  "timestamp": "2025-12-16T12:37:16.227037",
  "heatmap": {
    "gamma_n_range": [
      0.0,
      3.0
    ],
    "gamma_P_range": [
      0.0,
      3.0
    ],
    "n_points": 61,
    "threshold": 1e-12,
    "n_boundary_points": 0,
    "log10_C_min": -2.6587181692803146,
    "log10_C_max": 0.62605544246325
  },
  "epsilon_sensitivity": {
    "mild_dilution": {
      "eps_values": [
        0.01,
        0.0117210229753348,
        0.01373823795883263,
        0.01610262027560939,
        0.018873918221350976,
        0.022122162910704492,
        0.02592943797404667,
        0.03039195382313198,
        0.035622478902624426,
        0.041753189365604,
        0.04893900918477494,
        0.057361525104486784,
        0.06723357536499334,
        0.07880462815669913,
        0.09236708571873861,
        0.10826367338740546,
        0.12689610031679222,
        0.1487352107293511,
        0.17433288221999882,
        0.20433597178569415,
        0.2395026619987486,
        0.2807216203941177,
        0.32903445623126676,
        0.38566204211634725,
        0.4520353656360243,
        0.5298316906283708,
        0.6210169418915616,
        0.727895384398315,
        0.8531678524172805,
        1.0
      ],
      "capacity_values": [
        0.12351916001912418,
        0.1232663548640289,
        0.12297081448625398,
        0.12262546942215347,
        0.12222213801556583,
        0.12175137274543692,
        0.12120229342981756,
        0.12056240956780727,
        0.1198174358941835,
        0.1189511077297028,
        0.11794500609586857,
        0.1167784070234571,
        0.11542817520958486,
        0.11386872931227852,
        0.11207211474462504,
        0.11000822965553082,
        0.1076452603055694,
        0.10495039213755723,
        0.10189087055521039,
        0.098435487728263,
        0.09455656431742807,
        0.09023247223101728,
        0.08545069983867346,
        0.08021138806177124,
        0.07453116016174659,
        0.06844693084318418,
        0.06201922175329501,
        0.055334354271112746,
        0.0485047762354668,
        0.04166676094151809
      ]
    },
    "strong_dilution": {
      "eps_values": [
        0.01,
        0.0117210229753348,
        0.01373823795883263,
        0.01610262027560939,
        0.018873918221350976,
        0.022122162910704492,
        0.02592943797404667,
        0.03039195382313198,
        0.035622478902624426,
        0.041753189365604,
        0.04893900918477494,
        0.057361525104486784,
        0.06723357536499334,
        0.07880462815669913,
        0.09236708571873861,
        0.10826367338740546,
        0.12689610031679222,
        0.1487352107293511,
        0.17433288221999882,
        0.20433597178569415,
        0.2395026619987486,
        0.2807216203941177,
        0.32903445623126676,
        0.38566204211634725,
        0.4520353656360243,
        0.5298316906283708,
        0.6210169418915616,
        0.727895384398315,
        0.8531678524172805,
        1.0
      ],
      "capacity_values": [
        0.015478422602132714,
        0.015453336775197463,
        0.015423988982538044,
        0.01538966625626848,
        0.015349540495453434,
        0.01530265141932801,
        0.015247887584101758,
        0.01518396548064868,
        0.01510940685125166,
        0.015022514541652902,
        0.014921347459074703,
        0.01480369556110294,
        0.014667056282160935,
        0.014508614444895627,
        0.014325228535153495,
        0.014113427269122918,
        0.01386942166416779,
        0.013589139327211598,
        0.01326828933152421,
        0.012902467715632518,
        0.012487315029870008,
        0.012018738018291685,
        0.011493206761475992,
        0.01090813545032741,
        0.010262348184141989,
        0.009556619423304604,
        0.008794260786647702,
        0.007981701328965083,
        0.007128978489891212,
        0.006250025630976402
      ]
    }
  }
}